 {
 	"fire": {
	 	"health": 0,
		"mana": 0,
		"defense": 0,
		"type": 0,
		"autoAttackStrength": 0,
		"autoAttackSpeed": 0,
		"walkSpeed": 3
	},
 	"water": {
	 	"health": 0,
		"mana": 0,
		"defense": 0,
		"type": 0,
		"autoAttackStrength": 0,
		"autoAttackSpeed": 0,
		"walkSpeed": 3
	},
 	"earth": {
	 	"health": 0,
		"mana": 0,
		"defense": 0,
		"type": 0,
		"autoAttackStrength": 0,
		"autoAttackSpeed": 0,
		"walkSpeed": 3
	},
 	"air": {
	 	"health": 0,
		"mana": 0,
		"defense": 0,
		"type": 0,
		"autoAttackStrength": 0,
		"autoAttackSpeed": 0,
		"walkSpeed": 3
	}
}